{"cameraMode":{"drawMode":0,"name":"Shaded","section":"Shading Mode"},"sceneLighting":false,"audioPlay":false,"sceneViewState":{"showFog":true,"showMaterialUpdate":false,"showSkybox":false,"showFlares":true,"showImageEffects":true,"showParticleSystems":true},"in2DMode":false,"pivot":{"x":-0.9027011394500732,"y":0.1709330677986145,"z":1.3004709482192994},"rotation":{"x":-0.15305693447589875,"y":-0.2240898460149765,"z":0.035660721361637118,"w":-0.96181720495224},"size":4.915247440338135,"orthographic":false}